{
	"partitions" : [
		{
			"name" : "Top",
			"pins" : [
				{
					"name" : "q[0]",
					"strict" : false
				},
				{
					"name" : "q[1]",
					"strict" : false
				},
				{
					"name" : "q[2]",
					"strict" : false
				},
				{
					"name" : "q[3]",
					"strict" : false
				},
				{
					"name" : "q[4]",
					"strict" : false
				},
				{
					"name" : "q[5]",
					"strict" : false
				},
				{
					"name" : "q[6]",
					"strict" : false
				},
				{
					"name" : "q[7]",
					"strict" : false
				},
				{
					"name" : "q[8]",
					"strict" : false
				},
				{
					"name" : "q[9]",
					"strict" : false
				},
				{
					"name" : "q[10]",
					"strict" : false
				},
				{
					"name" : "q[11]",
					"strict" : false
				},
				{
					"name" : "q[12]",
					"strict" : false
				},
				{
					"name" : "q[13]",
					"strict" : false
				},
				{
					"name" : "q[14]",
					"strict" : false
				},
				{
					"name" : "q[15]",
					"strict" : false
				},
				{
					"name" : "we",
					"strict" : false
				},
				{
					"name" : "clk",
					"strict" : false
				},
				{
					"name" : "data[0]",
					"strict" : false
				},
				{
					"name" : "write_addr[0]",
					"strict" : false
				},
				{
					"name" : "write_addr[1]",
					"strict" : false
				},
				{
					"name" : "write_addr[2]",
					"strict" : false
				},
				{
					"name" : "write_addr[3]",
					"strict" : false
				},
				{
					"name" : "write_addr[4]",
					"strict" : false
				},
				{
					"name" : "write_addr[5]",
					"strict" : false
				},
				{
					"name" : "write_addr[6]",
					"strict" : false
				},
				{
					"name" : "write_addr[7]",
					"strict" : false
				},
				{
					"name" : "write_addr[8]",
					"strict" : false
				},
				{
					"name" : "write_addr[9]",
					"strict" : false
				},
				{
					"name" : "read_addr[0]",
					"strict" : false
				},
				{
					"name" : "read_addr[1]",
					"strict" : false
				},
				{
					"name" : "read_addr[2]",
					"strict" : false
				},
				{
					"name" : "read_addr[3]",
					"strict" : false
				},
				{
					"name" : "read_addr[4]",
					"strict" : false
				},
				{
					"name" : "read_addr[5]",
					"strict" : false
				},
				{
					"name" : "read_addr[6]",
					"strict" : false
				},
				{
					"name" : "read_addr[7]",
					"strict" : false
				},
				{
					"name" : "read_addr[8]",
					"strict" : false
				},
				{
					"name" : "read_addr[9]",
					"strict" : false
				},
				{
					"name" : "data[1]",
					"strict" : false
				},
				{
					"name" : "data[2]",
					"strict" : false
				},
				{
					"name" : "data[3]",
					"strict" : false
				},
				{
					"name" : "data[4]",
					"strict" : false
				},
				{
					"name" : "data[5]",
					"strict" : false
				},
				{
					"name" : "data[6]",
					"strict" : false
				},
				{
					"name" : "data[7]",
					"strict" : false
				},
				{
					"name" : "data[8]",
					"strict" : false
				},
				{
					"name" : "data[9]",
					"strict" : false
				},
				{
					"name" : "data[10]",
					"strict" : false
				},
				{
					"name" : "data[11]",
					"strict" : false
				},
				{
					"name" : "data[12]",
					"strict" : false
				},
				{
					"name" : "data[13]",
					"strict" : false
				},
				{
					"name" : "data[14]",
					"strict" : false
				},
				{
					"name" : "data[15]",
					"strict" : false
				}
			]
		}
	]
}